term,aliases,target,코드수,수입액_백만달러,수입몫_%,이미검색됨,판정,대상_법정명칭
원유,석유|크루드,2709,10,75304.8,11.922,10/10,이미검색됨,석유와 역청유(瀝靑油)(원유로 한정한다)
석탄,유연탄|무연탄|석탄연료,2701,9,12394.9,1.962,9/9,이미검색됨,석탄과 석탄으로 제조한 연탄·조개탄(ovoid)과 이와 유사한 고체 연료
천연가스,LNG|액화천연가스|가스,2711,10,30486.0,4.826,2/10,OK,석유가스와 그 밖의 가스 상태의 탄화수소
휘발유,가솔린,271012,6,17274.1,2.735,2/6,OK,경질유(輕質油)와 조제품
경유,디젤|디젤유,271019,42,3715.6,0.588,1/42,OK,기타
등유,케로신,271019,42,3715.6,0.588,1/42,OK,기타
항공유,제트유|항공유류,271019,42,3715.6,0.588,0/42,OK,기타
윤활유,엔진오일,271019,42,3715.6,0.588,2/42,OK,기타
철광석,철광,2601,7,7197.2,1.139,0/7,OK,철광과 그 정광(精鑛)[배소(焙燒)한 황화철광을 포함한다]
동광,구리광|구리광석,2603,1,6089.1,0.964,0/1,OK,구리광과 그 정광(精鑛)
아연광,아연광석,2608,1,1724.3,0.273,1/1,이미검색됨,아연광과 그 정광(精鑛)
소금,천일염|식염,2501,5,261.3,0.041,5/5,이미검색됨,"소금(식탁염과 변성염을 포함한다), 순염화나트륨[수용액(水溶液)인지 또는 고결(固結)방지제나 유동제를 첨가한"
시멘트,포틀랜드시멘트,2523,6,61.1,0.01,6/6,이미검색됨,포틀랜드(Portland) 시멘트·알루미나(aluminous) 시멘트·슬래그(slag) 시멘트·슈퍼설페이트(
석회석,석회,2521,2,48.3,0.008,2/2,이미검색됨,"석회석 융제(融劑), 석회석과 그 밖의 석회질의 암석(석회나 시멘트 제조용으로 한정한다)"
흑연,그라파이트,2504,4,51.3,0.008,4/4,이미검색됨,천연 흑연
요소,요소비료,310210,2,282.7,0.045,2/2,이미검색됨,요소(수용액의 것인지에 상관없다)
요소수,애드블루|AdBlue,310210,2,282.7,0.045,0/2,OK,요소(수용액의 것인지에 상관없다)
비료,화학비료|복합비료,3102|3103|3104|3105,31,716.0,0.113,31/31,이미검색됨,"질소비료(광물성 비료나 화학비료로 한정한다) / 인산비료(광물성 비료나 화학비료로 한정한다) / 칼륨비료(광물성 비료나 화학비료로 한정한다) / 광물성 비료나 화학비료(비료의 필수요소인 질소·인·칼륨 중 두 가지나 세 가지를 함유하는 것으로 한정한다),"
리튬,탄산리튬|수산화리튬,283691|282520,3,1206.5,0.191,3/3,이미검색됨,탄산리튬 / 산화리튬과 수산화리튬
코발트,코발트정광,8105|282200,10,201.3,0.032,10/10,이미검색됨,"코발트의 매트(mat)와 코발트 제련으로 생산된 그 밖의 중간생산물, 코발트와 그 제품[웨이스트(waste) / 산화코발트, 수산화코발트, 상관습(商慣習)상의 산화코발트"
니켈,니켈지금,7502,3,407.6,0.065,3/3,이미검색됨,니켈의 괴(塊)
백신,코로나백신|예방접종,3002,17,3890.3,0.616,17/17,이미검색됨,"사람의 피, 치료용·예방용·진단용으로 조제한 동물의 피, 면역혈청·그 밖의 혈액 분획물과 면역물품(생물공학적"
의약품,약|처방약|신약,3004,35,5091.7,0.806,35/35,이미검색됨,의약품[혼합한 것인지에 상관없으며 치료용이나 예방용의 것으로서 일정한 투여량으로 한 것(피부 투여의 형식을 
항생제,항생물질,2941|3003,29,310.8,0.049,0/29,OK,항생물질 / 의약품(두 가지 이상의 성분을 혼합한 치료용이나 예방용의 것으로서 제3002호·제3005호·제3006호의 물
비타민,영양제,2936|2106,44,2384.7,0.378,21/44,OK,"프로비타민과 비타민(천연의 것과 이와 동일한 구조를 가지는 합성의 것으로 한정하며, 천연의 프로비타민 농축물 / 따로 분류되지 않은 조제 식료품"
건강기능식품,건기식|영양보충제,2106,23,2142.2,0.339,0/23,OK,따로 분류되지 않은 조제 식료품
화장품,기초화장품|스킨케어,3304,13,974.6,0.154,13/13,이미검색됨,"미용이나 메이크업용 제품류와 기초화장용 제품류[의약품은 제외하며, 선스크린(sunscreen)과 선탠(sun"
향수,퍼퓸|향수류,3303,2,251.2,0.04,2/2,이미검색됨,향수와 화장수
샴푸,린스|헤어케어,3305,6,244.2,0.039,1/6,OK,두발용 제품류
비누,세안비누|손비누,3401,7,171.3,0.027,7/7,이미검색됨,"비누, 비누로 사용되는 유기계면활성제품과 조제품[막대(bar) 모양·케이크 모양·주형 모양으로 된 것으로 한"
치약,구강청결,3306,7,136.4,0.022,1/7,OK,"구강·치과 위생용 제품류[치열 교정용 페이스트(paste)와 가루를 포함한다], 치간 청결용 실로서 개별 소"
세제,세탁세제|주방세제,3402,12,462.6,0.073,12/12,이미검색됨,"유기계면활성제(비누는 제외한다), 조제 계면활성제·조제 세제(보조 조제 세제를 포함한다)·조제 청정제(비누를"
기저귀,종이기저귀|팬티기저귀,9619,8,202.1,0.032,8/8,이미검색됨,"위생타월(패드)·탐폰(tampon), 냅킨(기저귀)·냅킨라이너(napkin liner)와 이와 유사한 물품("
생리대,위생용품,9619,8,202.1,0.032,0/8,OK,"위생타월(패드)·탐폰(tampon), 냅킨(기저귀)·냅킨라이너(napkin liner)와 이와 유사한 물품("
마스크,보건용마스크|KF94,630790|481890,9,519.9,0.082,4/9,OK,기타 / 기타
페인트,도료|페인트류,3208|3209,31,577.8,0.091,31/31,이미검색됨,"페인트와 바니시(varnish)[에나멜·래커(lacquer)를 포함하며, 합성 중합체나 화학적으로 변성한 천 / 페인트와 바니시(varnish)[에나멜과 래커(lacquer)를 포함하며, 합성 중합체나 화학적으로 변성한 "
접착제,본드|실란트,3506,7,360.9,0.057,7/7,이미검색됨,"조제 글루(glue)와 그 밖의 조제 접착제(따로 분류되지 않은 것으로 한정한다), 글루(glue)나 접착제"
플라스틱,합성수지,3901|3902|3903|3904|3907,45,2815.2,0.446,45/45,이미검색됨,"에틸렌의 중합체[일차제품(primary form)으로 한정한다] / 프로필렌의 중합체나 그 밖의 올레핀의 중합체[일차제품(primary form)으로 한정한다] / 스티렌의 중합체[일차제품(primary form)으로 한정한다] / 염화비닐의 중합체나 그 밖의 할로겐화 올레핀의 중합체[일차제품(primary form)으로 한정한다] / 폴리아세탈수지·그 밖의 폴리에테르와 에폭시수지, 폴리카보네이트·알키드수지·폴리아릴에스테르와 그 밖의 폴리에스"
페트,PET|폴리에틸렌테레프탈레이트,390761|390769,2,370.1,0.059,0/2,OK,점도번호가 그램당 78 밀리리터 이상인 것 / 기타
폴리에틸렌,PE,3901,6,517.4,0.082,3/6,OK,에틸렌의 중합체[일차제품(primary form)으로 한정한다]
폴리프로필렌,PP,3902,4,195.4,0.031,1/4,OK,프로필렌의 중합체나 그 밖의 올레핀의 중합체[일차제품(primary form)으로 한정한다]
타이어,자동차타이어|튜브,4011,18,1212.2,0.192,18/18,이미검색됨,고무로 만든 공기타이어(신품으로 한정한다)
고무,천연고무|합성고무,4001|4002,24,962.5,0.152,24/24,이미검색됨,천연고무·발라타(balata)·구타페르카(gutta-percha)·구아율(guayule)·치클(chicle) / 합성고무와 기름에서 제조한 팩티스(factice)[일차제품(primary form)·판·시트(sheet)·스
가죽,피혁|원피,4104|4107,10,123.2,0.02,10/10,이미검색됨,"소(버팔로를 포함한다)나 마속(馬屬)동물의 유연처리나 크러스트 처리한 원피[털을 제거한 것으로 한정하고, 스 / 유연처리·크러스트 처리한 후 그 이상의 가공을 한 소(버팔로를 포함한다)나 마속(馬屬)동물의 가죽[파치먼트("
가방,핸드백|백팩|배낭|여행가방|캐리어,4202,37,3274.4,0.518,37/37,이미검색됨,트렁크·슈트 케이스·화장품 케이스·이그잭큐티브 케이스(executive case)·서류가방·학생가방·안경케이
지갑,카드지갑|파우치,4202,37,3274.4,0.518,37/37,이미검색됨,트렁크·슈트 케이스·화장품 케이스·이그잭큐티브 케이스(executive case)·서류가방·학생가방·안경케이
목재,원목|제재목,4403|4407,102,615.0,0.097,102/102,이미검색됨,"원목[껍질·변재(邊材)를 벗긴 것인지 또는 거칠게 각을 뜬 것인지에 상관없다] / 제재목[길이의 방향으로 쪼갠 것, 평삭(平削)한 것, 회전식으로 절단한 것으로서 두께가 6밀리미터를 초과하는"
합판,베니어,4412,61,670.6,0.106,61/61,이미검색됨,합판·베니어패널과 이와 유사한 적층 목재
종이,인쇄용지|복사용지,4802,43,243.0,0.038,43/43,이미검색됨,"도포하지 않은 종이와 판지(필기용, 인쇄용, 그 밖의 그래픽용으로 한정한다), 구멍을 뚫지 않은 펀치카드와 "
골판지,박스지|포장용지,4808|4819,11,338.9,0.054,2/11,OK,"물결 모양으로 하거나(corrugated)(평면지가 붙은 것인지에 상관없다) 주름지거나(creped) 구겨지 / 종이·판지·셀룰로오스워딩·셀룰로오스섬유의 웹(web)으로 만든 상자·포장대·그 밖의 포장용기, 종이나 판지로"
화장지,휴지|두루마리휴지,4818,5,126.6,0.02,5/5,이미검색됨,화장지와 이와 유사한 종이·셀롤로오스워딩·셀룰로오스섬유의 웹(web)(가정용이나 위생용으로 사용되는 것으로서
책,도서|서적,4901,6,99.8,0.016,6/6,이미검색됨,인쇄서적·소책자·리플릿(leaflet)과 이와 유사한 인쇄물(단매인지에 상관없다)
면,원면|면화,5201,6,122.0,0.019,6/6,이미검색됨,면[카드(card)하지도 코움(comb)하지도 않은 것으로 한정한다]
면사,면실,5205,34,239.6,0.038,34/34,이미검색됨,"면사(면의 함유량이 전 중량의 100분의 85 이상인 것으로 한정하며, 재봉사와 소매용은 제외한다)"
폴리에스터,합성섬유|화학섬유,5402|5503,52,787.2,0.125,0/52,OK,"합성필라멘트사(재봉사와 소매용은 제외하며, 67데시텍스 미만인 합성모노필라멘트를 포함한다) / 합성스테이플섬유[카드(card)·코움(comb)이나 그 밖의 방적준비 처리를 한 것은 제외한다]"
원단,직물|생지,5208|5407|5512,86,342.6,0.054,0/86,OK,면직물(면의 함유량이 전 중량의 100분의 85 이상인 것으로서 1제곱미터당 중량이 200그램 이하인 것으로 / 합성필라멘트사의 직물(제5404호 재료로 직조한 직물을 포함한다) / 합성스테이플섬유의 직물(합성스테이플섬유의 함유량이 전 중량의 100분의 85 이상인 것으로 한정한다)
카펫,러그|깔개,5701|5702|5703,20,92.4,0.015,0/20,OK,"양탄자류와 그 밖의 방직용 섬유로 만든 바닥깔개(매듭이 있는 것으로 한정하며, 제품으로 된 것인지에 상관없다 / 양탄자류와 그 밖의 방직용 섬유로 만든 바닥깔개[직조한 것으로 한정하고, 터프트(tuft)하거나 플록(flo / 양탄자류와 그 밖의 방직용 섬유로 만든 바닥깔개(인조잔디(turf)를 포함한다)[터프트(tuft)한 것으로 "
부직포,논우븐,5603,12,455.9,0.072,12/12,이미검색됨,부직포(침투·도포·피복·적층한 것인지에 상관없다)
의류,옷|의복,6101|6102|6103|6104|6201|6202|6203|6204,112,5359.2,0.848,112/112,이미검색됨,남성용이나 소년용 오버코트(overcoat)·카코트(car-coat)·케이프(cape)·클록(cloak)·아 / 여성용이나 소녀용 오버코트(overcoat)·카코트(car-coat)·케이프(cape)·클록(cloak)·아 / 남성용이나 소년용 슈트·앙상블(ensemble)·재킷·블레이저(blazer)·긴 바지·가슴받이와 멜빵이 있는 / 여성용이나 소녀용 슈트·앙상블(ensemble)·재킷·블레이저(blazer)·드레스·스커트·치마바지·긴 바지 / 남성용이나 소년용 오버코트(overcoat)·카코트(car-coat)·케이프(cape)·클록(cloak)·아 / 여성용이나 소녀용 오버코트(overcoat)·카코트(car-coat)·케이프(cape)·클록(cloak)·아 / 남성용이나 소년용 슈트·앙상블(ensemble)·재킷·블레이저(blazer)·긴 바지·가슴받이와 멜빵이 있는 / 여성용이나 소녀용 슈트·앙상블(ensemble)·재킷·블레이저(blazer)·드레스·스커트·치마바지·긴 바지
티셔츠,티|반팔티|셔츠,6109|6105|6106|6205|6206,28,2081.2,0.329,10/28,OK,티셔츠·싱글리트(singlet)와 그 밖의 조끼(메리야스 편물이나 뜨개질 편물로 한정한다) / 남성용이나 소년용 셔츠(메리야스 편물이나 뜨개질 편물로 한정한다) / 여성용이나 소녀용 블라우스·셔츠·셔츠블라우스(메리야스 편물이나 뜨개질 편물로 한정한다) / 남성용이나 소년용 셔츠 / 여성용이나 소녀용 블라우스·셔츠·셔츠블라우스
청바지,데님바지|바지,6203|6204|6211,63,3533.6,0.559,2/63,OK,남성용이나 소년용 슈트·앙상블(ensemble)·재킷·블레이저(blazer)·긴 바지·가슴받이와 멜빵이 있는 / 여성용이나 소녀용 슈트·앙상블(ensemble)·재킷·블레이저(blazer)·드레스·스커트·치마바지·긴 바지 / 트랙슈트·스키슈트·수영복과 그 밖의 의류
코트,외투|점퍼|패딩,6101|6102|6201|6202,29,1971.9,0.312,29/29,이미검색됨,남성용이나 소년용 오버코트(overcoat)·카코트(car-coat)·케이프(cape)·클록(cloak)·아 / 여성용이나 소녀용 오버코트(overcoat)·카코트(car-coat)·케이프(cape)·클록(cloak)·아 / 남성용이나 소년용 오버코트(overcoat)·카코트(car-coat)·케이프(cape)·클록(cloak)·아 / 여성용이나 소녀용 오버코트(overcoat)·카코트(car-coat)·케이프(cape)·클록(cloak)·아
스웨터,니트|카디건,6110,8,1581.7,0.25,0/8,OK,저지(jersey)·풀오버(pullover)·카디건(cardigan)·웨이스트코트(waistcoat)와 이와
양말,스타킹|타이츠,6115,9,144.2,0.023,9/9,이미검색됨,팬티호스(panty hose)·타이츠(tights)·스타킹과 그 밖의 양말류[단계압박 양말류(예: 정맥류 치
속옷,팬티|브래지어|내의,6107|6108|6212,33,640.4,0.101,0/33,OK,남성용이나 소년용 언더팬츠·브리프(brief)·나이트셔츠·파자마·목욕용 가운·드레싱가운과 이와 유사한 물품( / 여성용이나 소녀용 슬립·페티코트(petticoat)·브리프(brief)·팬티·나이트드레스·파자마·네그리제(n / 브래지어·거들·코르셋(corset)·브레이스(braces)·서스펜더(suspender)·가터(garter)와
수영복,래시가드,6112|6211,26,996.8,0.158,26/26,이미검색됨,트랙슈트·스키슈트·수영복(메리야스 편물이나 뜨개질 편물로 한정한다) / 트랙슈트·스키슈트·수영복과 그 밖의 의류
장갑,목장갑|방한장갑,6116|6216,8,197.9,0.031,8/8,이미검색됨,장갑류(메리야스 편물이나 뜨개질 편물로 한정한다) / 장갑류
이불,침구|베개|담요,6301|6302,21,255.8,0.04,0/21,OK,모포류와 여행용 러그(rug) / 베드린넨(bed linen)·테이블린넨(table linen)·토일렛린넨(toilet linen)·주방린넨(
수건,타월|타올,6302,16,203.4,0.032,0/16,OK,베드린넨(bed linen)·테이블린넨(table linen)·토일렛린넨(toilet linen)·주방린넨(
커튼,블라인드,6303,5,68.7,0.011,5/5,이미검색됨,"커튼[드레이프(drape)를 포함한다]·실내용 블라인드(blind), 커튼이나 침대용 밸런스(valance)"
운동화,스니커즈|스포츠화,6404|6403,20,2370.5,0.375,0/20,OK,"신발류[바깥 바닥을 고무·플라스틱·가죽·콤퍼지션 레더(composition leather)로 만들고, 갑피( / 신발류[바깥 바닥을 고무·플라스틱·가죽·콤퍼지션 레더(composition leather)로 만들고, 갑피("
구두,가죽구두|드레스화,6403,16,1224.9,0.194,0/16,OK,"신발류[바깥 바닥을 고무·플라스틱·가죽·콤퍼지션 레더(composition leather)로 만들고, 갑피("
슬리퍼,샌들|실내화,6402|6404,13,2066.5,0.327,0/13,OK,"그 밖의 신발류[바깥 바닥과 갑피(甲皮)를 고무나 플라스틱으로 만든 것으로 한정한다] / 신발류[바깥 바닥을 고무·플라스틱·가죽·콤퍼지션 레더(composition leather)로 만들고, 갑피("
장화,레인부츠|작업화,6401|6402,16,955.1,0.151,0/16,OK,"방수 신발류[바깥 바닥과 갑피(甲皮)를 고무나 플라스틱으로 만든 것으로 한정하며, 갑피(甲皮)를 바닥에 스티 / 그 밖의 신발류[바깥 바닥과 갑피(甲皮)를 고무나 플라스틱으로 만든 것으로 한정한다]"
모자,캡|비니,6505|6506,9,290.5,0.046,9/9,이미검색됨,모자[메리야스 편물이나 뜨개질 편물의 것과 원단 상태(스트립 모양은 제외한다)인 레이스·펠트(felt)나 그 / 그 밖의 모자(안을 댄 것인지 또는 장식한 것인지에 상관없다)
우산,양산,6601,4,125.1,0.02,4/4,이미검색됨,산류(傘類)[지팡이 겸용 우산·정원용 산류(傘類)와 이와 유사한 산류(傘類)를 포함한다]
유리,판유리|강화유리,7005|7007,64,389.1,0.062,64/64,이미검색됨,"플로트유리(float glass)와 표면을 연마한 유리[시트(sheet) 모양으로 한정하고, 흡수층·반사층· / 안전유리(강화유리나 접합유리로 된 것으로 한정한다)"
유리병,유리용기,7010,3,123.5,0.02,0/3,OK,유리로 만든 카보이(carboy)·병·플라스크·단지·항아리·약병·앰플과 그 밖에 이와 유사한 용기(물품의 수
도자기,그릇|식기|타일,6907|6911|6912,18,547.1,0.087,0/18,OK,"도자제의 판석과 포장(鋪裝)용ㆍ노(爐)용ㆍ벽용 타일, 도자제의 모자이크 큐브와 이와 유사한 것(뒷면을 보강한 / 자기제의 식탁용품·주방용품·그 밖의 가정용품·화장용품 / 도자제의 식탁용품·주방용품·그 밖의 가정용품·화장용품(자기제의 것은 제외한다)"
다이아몬드,금강석,7102,5,38.4,0.006,5/5,이미검색됨,다이아몬드(가공한 것인지에 상관없으며 장착되거나 세트로 된 것은 제외한다)
금,금괴|골드,7108,9,7709.3,1.22,9/9,이미검색됨,"금(백금을 도금한 금을 포함하며, 가공하지 않은 것·반가공한 모양이나 가루 모양인 것으로 한정한다)"
은,은괴|실버,7106,7,326.0,0.052,7/7,이미검색됨,"은(금이나 백금을 도금한 은을 포함하며, 가공하지 않은 것·반가공한 모양이나 가루 모양인 것으로 한정한다)"
백금,플래티넘,7110,8,1544.7,0.245,8/8,이미검색됨,백금(가공하지 않은 것·반가공한 모양이나 가루 모양인 것으로 한정한다)
귀금속,장신구|주얼리|반지|목걸이,7113,8,1563.7,0.248,8/8,이미검색됨,신변장식용품과 그 부분품(귀금속으로 만들거나 귀금속을 입힌 금속으로 만든 것으로 한정한다)
철강,철강재|강재,7208|7209|7210,61,3783.0,0.599,61/61,이미검색됨,"철이나 비합금강의 평판압연제품[폭이 600밀리미터 이상인 것으로서 열간(熱間)압연한 것으로 한정하고, 클래드 / 철이나 비합금강의 평판압연제품[폭이 600밀리미터 이상인 것으로서 냉간압연(냉간환원)한 것으로 한정하고, 클 / 철이나 비합금강의 평판압연제품[폭이 600밀리미터 이상인 것으로서 클래드(clad)·도금·도포한 것으로 한정"
열연강판,열연,7208,26,2283.8,0.362,0/26,OK,"철이나 비합금강의 평판압연제품[폭이 600밀리미터 이상인 것으로서 열간(熱間)압연한 것으로 한정하고, 클래드"
냉연강판,냉연,7209,17,294.5,0.047,0/17,OK,"철이나 비합금강의 평판압연제품[폭이 600밀리미터 이상인 것으로서 냉간압연(냉간환원)한 것으로 한정하고, 클"
도금강판,아연도금강판|컬러강판,7210|7212,32,1263.5,0.2,0/32,OK,철이나 비합금강의 평판압연제품[폭이 600밀리미터 이상인 것으로서 클래드(clad)·도금·도포한 것으로 한정 / 철이나 비합금강의 평판압연제품[폭이 600밀리미터 미만인 것으로서 클래드(clad)·도금·도포한 것으로 한정
스테인리스,스테인레스|스텐,7219|7220,54,1178.2,0.187,54/54,이미검색됨,스테인리스강의 평판압연제품(폭이 600밀리미터 이상인 것으로 한정한다) / 스테인리스강의 평판압연제품(폭이 600밀리미터 미만인 것으로 한정한다)
철근,봉강,7213|7214,15,547.1,0.087,1/15,OK,철이나 비합금강의 봉[열간(熱間)압연한 것으로서 불규칙적으로 감은 코일 모양인 것으로 한정한다] / 철이나 비합금강의 그 밖의 봉[단조(鍛造)·열간(熱間)압연·열간인발(熱間引拔)·열간(熱間)압출보다 더 가공하
강관,파이프|철관,7304|7305|7306,50,800.3,0.127,1/50,OK,철강(주철은 제외한다)으로 만든 관(管)과 중공(中空) 프로파일(profile)[무계목(無繼目)으로 한정한다 / 철강으로 만든 그 밖의 관(管)[예: 용접·리벳(rivet)이나 이와 유사한 방법으로 봉합한 것]으로서 횡단 / 철강으로 만든 그 밖의 관(管)과 중공(中空) 프로파일(profile)[예: 오픈심(open seam)·용접
알루미늄,알루미늄괴|알미늄,7601,4,4264.5,0.675,4/4,이미검색됨,알루미늄의 괴(塊)
알루미늄판,알루미늄시트,7606,6,1354.3,0.214,0/6,OK,알루미늄의 판·시트(sheet)·스트립(두께가 0.2밀리미터를 초과하는 것으로 한정한다)
구리,동|전기동,7403,11,2635.9,0.417,11/11,이미검색됨,정제한 구리와 구리합금(가공하지 않은 것으로 한정한다)
구리선,동선|전선용동,7408,7,235.7,0.037,0/7,OK,구리의 선
아연,아연괴,7901,4,75.5,0.012,4/4,이미검색됨,아연의 괴(塊)
납,연괴,7801,6,351.6,0.056,6/6,이미검색됨,납의 괴(塊)
주석,틴,8001,2,483.9,0.077,2/2,이미검색됨,주석의 괴(塊)
텅스텐,중석,8101,10,118.1,0.019,10/10,이미검색됨,텅스텐(볼프람)과 그 제품[웨이스트(waste)와 스크랩(scrap)을 포함한다]
티타늄,티탄,8108,6,333.7,0.053,6/6,이미검색됨,티타늄과 그 제품[웨이스트(waste)와 스크랩(scrap)을 포함한다]
희토류,희토류금속|레어어스,2805|2846,13,149.7,0.024,13/13,이미검색됨,"알칼리금속·알칼리토류금속, 희토류(稀土類)금속, 스칸듐과 이트륨(상호 혼합된 것인지 또는 상호 합금된 것인지 / 희토류(稀土類)금속·이트륨·스칸듐이나 이들 금속혼합물의 무기·유기 화합물"
나사,볼트|너트|스크류,7318,15,662.6,0.105,0/15,OK,철강으로 만든 스크루(screw)·볼트(bolt)·너트(nut)·코치 스크루(coach screw)·스크루 
못,철못|타카핀,7317,9,27.6,0.004,9/9,이미검색됨,철강으로 만든 못·압정·제도용 핀·물결 모양 못·스테이플(제8305호의 것은 제외한다)과 이와 유사한 물품[
공구,드릴비트|절삭공구,8207,24,334.0,0.053,24/24,이미검색됨,수공구용(동력작동식인지에 상관없다)이나 기계용 호환성 공구[예: 프레싱(pressing)용·스탬핑(stamp
칼,주방칼|식칼|커터,8211,6,42.5,0.007,6/6,이미검색됨,"칼(톱니가 있는지에 상관없으며 절단용 칼날을 갖춘 것으로 한정하고 전지용 칼을 포함하며, 제8208호의 칼은"
숟가락,포크|수저|커트러리,8215,8,51.4,0.008,0/8,OK,스푼·포크·국자·스키머(skimmer)·케이크서버(cake-server)·생선용 칼·버터용 칼·설탕집게와 이
자물쇠,도어락|잠금장치,8301,9,161.6,0.026,9/9,이미검색됨,"비금속(卑金屬)으로 만든 자물쇠(열쇠식·다이얼식·전기작동식), 비금속(卑金屬)으로 만든 걸쇠와 걸쇠가 붙은 "
원자로,원전설비,8401,4,2.7,0.0,4/4,이미검색됨,"원자로, 방사선을 조사(照射)하지 않은 원자로용 연료 요소(카트리지)와 동위원소 분리용 기기"
보일러,산업용보일러,8402|8403,11,134.1,0.021,11/11,이미검색됨,증기발생보일러(저압증기도 발생시킬 수 있는 중앙난방용 온수보일러는 제외한다)와 과열수보일러(super-hea / 중앙난방용 보일러(제8402호의 것은 제외한다)
터빈,증기터빈|가스터빈,8406|8411,29,3577.0,0.566,29/29,이미검색됨,증기터빈 / 터보제트·터보프로펠러와 그 밖의 가스터빈
엔진,내연기관|디젤엔진,8407|8408,28,2036.2,0.322,28/28,이미검색됨,왕복이나 로터리 방식으로 움직이는 불꽃점화식 피스톤 내연기관 / 압축점화식 피스톤 내연기관(디젤엔진이나 세미디젤엔진)
펌프,워터펌프|유압펌프,8413,34,1696.2,0.269,34/34,이미검색됨,액체펌프(계기를 갖추었는지에 상관없다)와 액체엘리베이터
공기압축기,컴프레서|콤프레샤,8414,28,3338.3,0.528,0/28,OK,"기체펌프나 진공펌프·기체 압축기와 팬, 팬이 결합된 환기용이나 순환용 후드(필터를 갖추었는지에 상관없다), "
선풍기,환풍기|송풍기,841451|841459|841480,13,1771.2,0.28,0/13,OK,테이블용·바닥용·벽용·창용·천장용·지붕용 팬(출력이 125와트 이하인 전동기를 갖춘 것으로 한정한다) / 기타 / 기타
에어컨,에어콘|공조기|냉방기,8415,11,1037.2,0.164,0/11,OK,"공기조절기(동력구동식 팬과 온도와 습도를 변화시키는 기구를 갖춘 것으로 한정하며, 습도만을 따로 조절할 수 "
냉장고,냉동고|김치냉장고,8418,23,803.0,0.127,23/23,이미검색됨,"냉장고·냉동고와 그 밖의 냉장기구나 냉동기구(전기식인지에 상관없다), 열펌프(제8415호의 공기조절기는 제외"
정수기,물여과기,842121,4,166.4,0.026,0/4,OK,물의 여과용이나 청정용
공기청정기,청정기|에어퍼리파이어|공기여과기,842139,10,446.2,0.071,0/10,OK,기타
식기세척기,식세기|접시세척기,842211|842219,2,73.2,0.012,0/2,OK,가정형 / 기타
포장기계,충전기계|라벨기,8422,16,475.2,0.075,16/16,이미검색됨,"접시세척기, 병이나 그 밖의 용기의 세정용이나 건조용 기계, 병·깡통·상자·자루·그 밖의 용기의 충전용·봉함"
지게차,포크리프트,8427,12,288.6,0.046,0/12,OK,"포크리프트트럭(fork-lift truck), 그 밖의 작업트럭[권양(捲揚)용이나 취급용 장비가 결합된 것으"
굴착기,굴삭기|포클레인,8429,23,149.5,0.024,0/23,OK,자주식(自走式)불도저(bulldozer)·앵글도저(angledozer)·그레이더(grader)·레벨러(lev
트랙터,농기계,8701|8432,46,361.5,0.057,32/46,OK,트랙터(제8709호의 트랙터는 제외한다) / 농업용·원예용·임업용 기계(토양 정리용이나 경작용으로 한정한다)와 잔디용이나 운동장용 롤러
콤바인,수확기,8433,15,166.0,0.026,0/15,OK,"수확기나 탈곡기(짚이나 건초 결속기를 포함한다), 풀 베는 기계, 새의 알·과실이나 그 밖의 농산물의 세정기"
프린터,복합기|복사기,8443,36,1152.9,0.183,8/36,OK,"제8442호의 플레이트·실린더와 그 밖의 인쇄용 구성 부품을 사용하는 인쇄기, 그 밖의 인쇄기·복사기·팩시밀"
재봉기,미싱,8452,10,25.9,0.004,10/10,이미검색됨,"재봉기(제8440호의 제본용 재봉기는 제외한다), 재봉기용으로 특수 제작된 가구·밑판·덮개, 재봉기용 바늘"
공작기계,머시닝센터|CNC,8457|8458|8459,33,283.8,0.045,22/33,OK,금속 가공용 머시닝센터(machining centre)·유닛 컨스트럭션 머신(unit construction / 금속 절삭가공용 선반(터닝센터를 포함한다) / 금속 절삭가공용 공작기계[웨이타입(way-type) 유닛헤드머신(unit head machine)을 포함한다
반도체장비,노광장비|식각장비|전공정장비,8486,79,21757.8,3.444,0/79,OK,반도체 보울(boule)이나 웨이퍼(wafer)·반도체디바이스·전자집적회로·평판디스플레이의 제조에 전용되거나
베어링,볼베어링,8482,9,918.6,0.145,9/9,이미검색됨,볼베어링(ball bearing)이나 롤러베어링(roller bearing)
기어,감속기,8483,23,1336.7,0.212,23/23,이미검색됨,"전동축[캠샤프트(cam shaft)와 크랭크샤프트(crank shaft)를 포함한다], 크랭크(crank),"
세탁기,드럼세탁기|통돌이,8450,5,397.8,0.063,5/5,이미검색됨,가정형이나 세탁소형 세탁기(세탁·건조 겸용기를 포함한다)
건조기,의류건조기,8451,21,95.1,0.015,3/21,OK,세탁용·클리닝용·쥐어짜기용·건조용·다림질용·프레스용[퓨징프레스(fusing press)를 포함한다]·표백용·
컴퓨터,노트북|랩탑|PC|데스크탑|서버,8471,30,9412.4,1.49,0/30,OK,"자동자료처리기계와 그 단위기기, 자기식이나 광학식 판독기, 자료를 자료매체에 부호 형태로 전사하는 기계와 이"
SSD,하드디스크|HDD|저장장치|기억장치,847170,8,795.6,0.126,0/8,OK,기억장치
컴퓨터부품,그래픽카드|메인보드|키보드|마우스,8473|8471,43,17779.8,2.815,0/43,OK,"제8470호부터 제8472호까지에 해당하는 기계에 전용되거나 주로 사용되는 부분품과 부속품(커버ㆍ휴대용케이스 / 자동자료처리기계와 그 단위기기, 자기식이나 광학식 판독기, 자료를 자료매체에 부호 형태로 전사하는 기계와 이"
전동기,모터|서보모터,8501,45,3552.5,0.562,45/45,이미검색됨,전동기와 발전기(발전세트는 제외한다)
발전기,발전세트,8501|8502,65,3990.3,0.632,45/65,OK,전동기와 발전기(발전세트는 제외한다) / 발전세트와 회전변환기
변압기,트랜스|인버터|충전기,8504,55,4014.3,0.636,55/55,이미검색됨,변압기·정지형 변환기(예: 정류기)와 유도자
배터리,이차전지|리튬이온전지|건전지,8507|8506,20,5570.7,0.882,0/20,OK,"축전지(격리판을 포함하며, 직사각형이나 정사각형인지에 상관없다) / 일차전지"
청소기,진공청소기|로봇청소기,8508,8,824.3,0.13,8/8,이미검색됨,진공청소기
믹서기,블렌더|주서기|푸드프로세서,850940,1,108.5,0.017,0/1,OK,"식품용 그라인더와 믹서, 과실주스·채소주스 추출기"
전자레인지,마이크로웨이브,851650,1,109.3,0.017,0/1,OK,마이크로웨이브 오븐(microwave oven)
주방가전,전기밥솥|토스터|전기오븐|전기히터|헤어드라이어,8516,17,1393.9,0.221,0/17,OK,"전기식의 즉시식·저장식 물 가열기와 투입식 가열기, 난방기기와 토양가열기, 전기가열식 이용기기[예: 헤어드라"
스마트폰,휴대폰|핸드폰|폰|셀룰러폰,851713,1,4445.7,0.704,1/1,이미검색됨,스마트폰
통신장비,라우터|공유기|기지국,8517,28,9891.3,1.566,0/28,OK,전화기(셀룰러 통신망이나 그 밖의 무선통신망용의 스마트폰과 그 밖의 전화기를 포함한다)와 음성·영상이나 그 
이어폰,헤드폰|스피커|마이크,8518,13,1474.5,0.233,13/13,이미검색됨,"마이크로폰과 그 스탠드, 확성기[인클로저(enclosure)에 장착된 것인지에 상관없다], 헤드폰과 이어폰("
카메라,캠코더|CCTV|웹캠,8525,13,985.3,0.156,13/13,이미검색됨,라디오 방송용이나 텔레비전용 송신기기(수신기기·음성 기록기기·재생기기를 갖춘 것인지에 상관없다)와 텔레비전 
TV,텔레비전|티비|모니터|디스플레이,8528,23,1796.9,0.284,1/23,OK,"텔레비전 수신기기를 갖추지 않은 모니터와 프로젝터, 텔레비전 수신용 기기(라디오 방송용 수신기기·음성이나 영"
LED,엘이디|발광다이오드,854141,2,658.8,0.104,0/2,OK,발광다이오드(엘이디)
전구,램프|조명기기,8539,22,237.8,0.038,0/22,OK,필라멘트램프나 방전램프[실드빔 램프유닛(sealed beam lamp unit)과 자외선램프나 적외선램프를 
콘덴서,커패시터|캐패시터,8532,10,1541.9,0.244,0/10,OK,축전기[고정식·가변식·조정식(프리세트)으로 한정한다]
저항기,레지스터,8533,12,347.0,0.055,12/12,이미검색됨,"전기저항기[가감저항기(rheostat)와 전위차계(potentiometer)를 포함하며, 전열용 저항체는 제"
인쇄회로,PCB|기판|인쇄회로기판,8534,3,3263.5,0.517,3/3,이미검색됨,인쇄회로
차단기,두꺼비집|배전반,8535|8536|8537,44,4822.5,0.763,5/44,OK,전기회로의 개폐용·보호용·접속용 기기[예: 개폐기·퓨즈·피뢰기·전압제한기·서지(surge)억제기·플러그와 그 / 전기회로의 개폐용·보호용·접속용 기기[예: 개폐기·계전기·퓨즈·서지(surge)억제기·플러그·소켓·램프홀더와 / 전기제어용이나 배전용 보드·패널·콘솔·책상·캐비닛과 그 밖의 기반(基盤)(제8535호나 제8536호의 기기를
반도체,웨이퍼|칩|집적회로|IC|메모리,8542|8541,49,66460.5,10.521,29/49,OK,"전자집적회로 / 반도체 디바이스(예: 다이오드·트랜지스터·반도체 기반 트랜스듀서), 감광성 반도체디바이스(광전지는 모듈에 조"
다이오드,트랜지스터|전력반도체,8541,29,4764.6,0.754,29/29,이미검색됨,"반도체 디바이스(예: 다이오드·트랜지스터·반도체 기반 트랜스듀서), 감광성 반도체디바이스(광전지는 모듈에 조"
태양광,태양전지|솔라패널|태양광모듈,854143,1,377.0,0.06,0/1,OK,광전지(모듈에 조립되었거나 패널로 구성된 것으로 한정한다)
전선,케이블|광케이블,8544,27,4821.5,0.763,27/27,이미검색됨,절연(에나멜 도포나 산화피막 처리를 한 것을 포함한다) 전선·케이블(동축케이블을 포함한다)과 그 밖의 전기절
기관차,철도차량|전동차,8601|8602|8603,8,18.6,0.003,8/8,이미검색됨,철도용 기관차(외부 전원이나 축전지로 주행하는 것으로 한정한다) / 그 밖의 철도용 기관차와 탄수차(炭水車) / 자주식(自走式) 철도용이나 궤도용 객차와 화차(제8604호의 것은 제외한다)
승용차,자동차|세단|SUV|신차|중고차,8703,34,13343.4,2.112,0/34,OK,"주로 사람을 수송할 수 있도록 설계된 승용자동차와 그 밖의 차량[제8702호의 것은 제외하며, 스테이션왜건("
전기차,EV|전기자동차|하이브리드,870380|870340,4,8861.2,1.403,0/4,OK,"그 밖의 차량(추진용 전동기만을 갖춘 것) / 그 밖의 차량(불꽃점화식 피스톤 내연기관과 추진용 모터로서의 전동기를 둘 다 갖춘 것으로서, 외부전원에 플러"
화물차,트럭|덤프트럭,8704,63,389.8,0.062,0/63,OK,화물자동차
버스,승합차|미니버스,8702,18,134.3,0.021,0/18,OK,10인 이상(운전자를 포함한다) 수송용 자동차
자동차부품,자동차부속|차부품,8708,25,5131.1,0.812,0/25,OK,부분품과 부속품(제8701호부터 제8705호까지의 차량용으로 한정한다)
오토바이,이륜차|모터사이클|스쿠터,8711,15,375.1,0.059,0/15,OK,모터사이클[모페드(moped)를 포함한다]과 보조모터를 갖춘 자전거[사이드카(side-car)를 부착하였는지
전동킥보드,킥보드|전동스쿠터,871160,2,93.4,0.015,0/2,OK,추진용 전동기를 갖춘 것
자전거,사이클|MTB,8712,3,127.8,0.02,3/3,이미검색됨,모터를 갖추지 않은 이륜 자전거와 그 밖의 자전거(배달용 삼륜 자전거를 포함한다)
전기자전거,이바이크,871160,2,93.4,0.015,0/2,OK,추진용 전동기를 갖춘 것
유모차,베이비카,8715,1,38.2,0.006,1/1,이미검색됨,유모차와 그 부분품
비행기,항공기|여객기,8802,20,2474.8,0.392,20/20,이미검색됨,"그 밖의 항공기(예: 헬리콥터·비행기)(제8806호의 무인기를 제외한다), 우주선(인공위성을 포함한다)·서보"
드론,무인기,8806,11,114.2,0.018,0/11,OK,무인기
선박,화물선|유조선|컨테이너선,8901|8902|8903|8904,27,3644.0,0.577,27/27,이미검색됨,"순항선·유람선·페리보트(ferry-boat)·화물선·부선(barge)과 이와 유사한 선박(사람이나 화물 수송 / 어선과 어획물의 가공용이나 저장용 선박 / 요트, 유람용이나 운동용 그 밖의 선박, 노를 젓는 보트와 카누 / 예인선과 푸셔크라프트(pusher craft)"
요트,보트|레저보트,8903,13,28.2,0.004,13/13,이미검색됨,"요트, 유람용이나 운동용 그 밖의 선박, 노를 젓는 보트와 카누"
콘택트렌즈,렌즈,9001,10,1173.2,0.186,10/10,이미검색됨,"광섬유와 광섬유 다발, 제8544호의 것 외의 광섬유 케이블, 편광재료(polarizing material)"
안경,선글라스|안경테,9004,5,223.9,0.035,5/5,이미검색됨,시력교정용·보호용이나 그 밖의 용도의 안경·고글과 이와 유사한 물품
현미경,광학기기,9011|9012,15,918.8,0.145,15/15,이미검색됨,광학현미경(마이크로 사진용·마이크로 영화촬영용·마이크로 영사용을 포함한다) / 광학현미경 외의 현미경과 회절기기(diffraction apparatus)
측정기,계측기|센서|오실로스코프|분석기|자동제어기,9025|9026|9027|9030|9031|9032,100,12971.2,2.053,100/100,이미검색됨,"액체비중계와 이와 유사한 부력식 측정기·온도계·고온계·기압계·습도계와 건습구 습도계(이들을 결합한 것을 포함 / 액체나 기체의 유량·액면·압력이나 그 밖의 변량(變量)의 측정용이나 검사용 기기(예: 유량계·액면계·압력계· / 물리나 화학 분석용 기기(예: 편광계·굴절계·분광계·가스나 매연 분석기), 점도·포로서티(porosity)· / 오실로스코프(Oscilloscope)·스펙트럼 분석기와 그 밖의 전기적 양의 측정용이나 검사용 기기(제902 / 그 밖의 측정용이나 검사용 기기(이 류에 따로 분류되지 않은 것으로 한정한다)와 윤곽 투영기 / 자동조절용이나 자동제어용 기기"
의료기기,주사기|수술기구|내시경,9018,45,3130.1,0.496,45/45,이미검색됨,내과용·외과용·치과용·수의과용 기기[신티그래픽(scintigraphic)식 진단기기·그 밖의 전기식 의료기기
엑스레이,CT|MRI|영상진단,9022,23,814.9,0.129,0/23,OK,엑스선이나 알파선·베타선·감마선·그 밖의 전리선을 사용하는 기기(내과용·외과용·치과용·수의과용인지에 상관없으
보청기,인공관절|임플란트|의료보조기,9021,13,812.6,0.129,13/13,이미검색됨,"정형외과용 기기(목발·외과용 벨트와 탈장대를 포함한다), 골절 치료용 부목과 그 밖의 골절 치료구, 인조 인"
체온계,온도계,902519,3,312.9,0.05,0/3,OK,기타
시계,손목시계|스마트워치,9101|9102,31,1055.3,0.167,31/31,이미검색됨,"손목시계·회중시계와 그 밖의 휴대용 시계(스톱워치를 포함하며, 케이스를 귀금속으로 만든 것이나 귀금속을 입힌 / 손목시계·회중시계와 그 밖의 휴대용 시계(스톱워치를 포함하되 제9101호의 것은 제외한다)"
악기,기타|피아노|바이올린,9201|9202|9207,15,104.2,0.016,15/15,이미검색됨,피아노(자동피아노를 포함한다)·하프시코드(harpsichord)와 그 밖의 건반이 있는 현악기 / 그 밖의 현악기(예: 기타·바이올린·하프) / 전기적으로 음이 발생하거나 증폭되는 악기(예: 오르간·기타·아코디언)
의자,사무용의자|소파,9401,23,1554.8,0.246,23/23,이미검색됨,의자(침대로 겸용할 수 있는지에 상관없으며 제9402호의 것은 제외한다)와 그 부분품
가구,책상|책장|수납장,9403,20,1077.5,0.171,20/20,이미검색됨,그 밖의 가구와 그 부분품
침대,매트리스|이불솜,9404,6,518.7,0.082,1/6,OK,"매트리스 서포트(mattress support), 침구와 이와 유사한 물품[예: 매트리스·이불·우모이불·쿠션"
조명,전등|램프기구|샹들리에,9405,23,622.9,0.099,23/23,이미검색됨,"조명기구[서치라이트(searchlight)·스포트라이트(spotlight)와 이들의 부분품을 포함하고, 따로"
장난감,완구|인형|블록,9503,34,954.1,0.151,0/34,OK,"세발자전거·스쿠터·페달 자동차와 이와 유사한 바퀴가 달린 완구, 인형용 차, 인형과 그 밖의 완구, 축소 모"
게임기,콘솔|보드게임|카지노기기,9504,17,485.9,0.077,17/17,이미검색됨,"비디오게임 콘솔과 비디오게임기, 테이블게임용구나 실내게임용구(핀테이블용구·당구용구·카지노게임용 특수테이블·자"
골프채,골프클럽|골프용품,9506,27,1001.1,0.158,4/27,OK,"일반적으로 육체적 운동·체조·육상·그 밖의 운동에 사용하는 물품(탁구용품을 포함한다), 옥외게임용품(이 류에"
운동기구,헬스기구|러닝머신,9506,27,1001.1,0.158,0/27,OK,"일반적으로 육체적 운동·체조·육상·그 밖의 운동에 사용하는 물품(탁구용품을 포함한다), 옥외게임용품(이 류에"
낚시,낚싯대|낚시용품,9507,7,141.0,0.022,7/7,이미검색됨,"낚싯대·낚싯바늘과 그 밖의 낚시용구, 낚시용 망·포충망(捕蟲網)과 이와 유사한 망, 조류 유인용구(제9208"
칫솔,브러시|빗자루,9603,7,263.0,0.042,2/7,OK,비·브러시(기계·기구·차량 등의 부분품을 구성하는 브러시를 포함한다)·모터를 갖추지 않은 기계식 바닥청소기(
라이터,성냥,9613,4,22.1,0.003,4/4,이미검색됨,담배 라이터와 그 밖의 라이터(기계식이나 전기식인지에 상관없다)와 이들의 부분품(라이터 돌과 심지는 제외한다
볼펜,펜|연필|필기구,9608|9609,19,143.3,0.023,11/19,OK,"볼펜, 팁(tip)이 펠트로 된 것과 그 밖의 포러스팁(porous-tip)으로 된 펜과 마커, 만년필·철필 / 연필(제9608호의 펜슬은 제외한다)·크레용·연필심·파스텔·도화용 목탄·필기용이나 도화용 초크와 재단사용 초"
소고기,쇠고기|한우|소갈비|등심,0201|0202,8,3852.0,0.61,0/8,OK,쇠고기(신선한 것이나 냉장한 것으로 한정한다) / 쇠고기(냉동한 것으로 한정한다)
돼지고기,삼겹살|목살|돈육,0203,8,2050.9,0.325,8/8,이미검색됨,"돼지고기(신선한 것, 냉장하거나 냉동한 것으로 한정한다)"
닭고기,치킨|계육|닭다리,0207,45,492.4,0.078,0/45,OK,"제0105호의 가금(家禽)류의 육과 식용 설육(屑肉)(신선한 것, 냉장하거나 냉동한 것으로 한정한다)"
양고기,램|양꼬치,0204,9,265.9,0.042,0/9,OK,"면양과 염소의 고기(신선한 것, 냉장하거나 냉동한 것으로 한정한다)"
소시지,햄|베이컨|육가공품,1601|1602,22,261.0,0.041,2/22,OK,소시지나 그 밖에 이와 유사한 물품[육·설육(屑肉)·피·곤충으로 조제한 것으로 한정한다]과 이들 물품을 기본 / 그 밖의 조제하거나 보존처리한 육·설육(屑肉)·피·곤충
생선,어류|활어,0301|0302|0303,166,1780.9,0.282,0/166,OK,활어 / 신선하거나 냉장한 어류[제0304호의 어류의 필레(fillet)와 그 밖의 어육은 제외한다] / 냉동어류[제0304호의 어류의 필레(fillet)와 기타 어육은 제외한다]
연어,훈제연어,0302|0303|0304,204,2211.5,0.35,12/204,OK,"신선하거나 냉장한 어류[제0304호의 어류의 필레(fillet)와 그 밖의 어육은 제외한다] / 냉동어류[제0304호의 어류의 필레(fillet)와 기타 어육은 제외한다] / 어류의 필레(fillet)와 그 밖의 어육(잘게 썰었는지에 상관없으며, 신선한 것·냉장한 것·냉동한 것으로 "
참치,다랑어|참치캔,0302|0303|1604,166,1659.3,0.263,0/166,OK,"신선하거나 냉장한 어류[제0304호의 어류의 필레(fillet)와 그 밖의 어육은 제외한다] / 냉동어류[제0304호의 어류의 필레(fillet)와 기타 어육은 제외한다] / 조제하거나 보존처리한 어류, 캐비어, 어란(魚卵)으로 조제한 캐비어 대용물"
고등어,삼치,0302|0303,132,1420.3,0.225,20/132,OK,신선하거나 냉장한 어류[제0304호의 어류의 필레(fillet)와 그 밖의 어육은 제외한다] / 냉동어류[제0304호의 어류의 필레(fillet)와 기타 어육은 제외한다]
명태,동태|코다리|황태,0303,74,1163.0,0.184,1/74,OK,냉동어류[제0304호의 어류의 필레(fillet)와 기타 어육은 제외한다]
갈치,조기|굴비,0303,74,1163.0,0.184,1/74,OK,냉동어류[제0304호의 어류의 필레(fillet)와 기타 어육은 제외한다]
새우,대하|흰다리새우,0306,46,1171.6,0.185,21/46,OK,갑각류(껍데기가 붙어 있는 것인지에 상관없으며 살아 있는 것과 신선한 것·냉장한 것·냉동한 것·건조한 것·염
게,대게|킹크랩|꽃게,0306,46,1171.6,0.185,11/46,OK,갑각류(껍데기가 붙어 있는 것인지에 상관없으며 살아 있는 것과 신선한 것·냉장한 것·냉동한 것·건조한 것·염
오징어,낙지|문어|주꾸미,0307,87,1247.8,0.198,14/87,OK,"연체동물(껍데기가 붙어 있는 것인지에 상관없으며, 살아 있는 것과 신선한 것·냉장한 것·냉동한 것·건조한 것"
조개,홍합|바지락|전복|굴,0307,87,1247.8,0.198,24/87,OK,"연체동물(껍데기가 붙어 있는 것인지에 상관없으며, 살아 있는 것과 신선한 것·냉장한 것·냉동한 것·건조한 것"
김,조미김|마른김,1212,75,52.9,0.008,0/75,OK,로커스트콩(locust bean)·해초류와 그 밖의 조류(藻類)·사탕무와 사탕수수(신선한 것·냉장이나 냉동한
미역,다시마|해조류,1212,75,52.9,0.008,0/75,OK,로커스트콩(locust bean)·해초류와 그 밖의 조류(藻類)·사탕무와 사탕수수(신선한 것·냉장이나 냉동한
우유,생우유|멸균우유,0401,6,235.6,0.037,0/6,OK,밀크와 크림(농축하지 않은 것으로서 설탕이나 그 밖의 감미료를 첨가하지 않은 것으로 한정한다)
분유,조제분유,0402,10,67.4,0.011,2/10,OK,밀크와 크림(농축하였거나 설탕이나 그 밖의 감미료를 첨가한 것으로 한정한다)
버터,유지방,0405,3,308.9,0.049,3/3,이미검색됨,"버터와 그 밖의 지방과 기름(밀크에서 얻은 것으로 한정한다), 데어리 스프레드(dairy spread)"
치즈,모차렐라|체다,0406,12,835.2,0.132,12/12,이미검색됨,치즈와 커드(curd)
계란,달걀|난황,0407|0408,10,21.6,0.003,0/10,OK,"새의 알(껍질이 붙은 것으로서 신선한 것, 보존처리하거나 조리한 것으로 한정한다) / 새의 알(껍질이 붙지 않은 것)과 알의 노른자위(신선한 것, 건조한 것, 물에 삶았거나 찐 것, 성형한 것,"
꿀,벌꿀|천연꿀,0409,1,21.3,0.003,1/1,이미검색됨,천연꿀
감자,고구마|알감자,0701|0714,22,53.4,0.008,22/22,이미검색됨,감자(신선한 것이나 냉장한 것으로 한정한다) / 매니옥(manioc)ㆍ칡뿌리ㆍ살렙(salep)ㆍ돼지감자(Jerusalem artichoke)ㆍ고구마와 그 밖
토마토,방울토마토,0702,2,0.0,0.0,2/2,이미검색됨,토마토(신선한 것이나 냉장한 것으로 한정한다)
양파,적양파,070310,3,41.2,0.007,3/3,이미검색됨,양파와 샬롯(shallot)
마늘,깐마늘|다진마늘,070320,2,1.8,0.0,2/2,이미검색됨,마늘
대파,쪽파|파,070390,4,8.0,0.001,1/4,OK,리크(leek)와 그 밖의 파속의 채소
배추,양배추|브로콜리,0704,5,38.4,0.006,5/5,이미검색됨,양배추·꽃양배추·콜라비(kohlrabi)·케일(kale)과 그 밖에 이와 유사한 식용 배추속(신선한 것이나 
상추,시금치|쌈채소,0705|0709,29,84.5,0.013,4/29,OK,상추[락투카 사티바(Lactuca sativa)]와 치커리(chicory)[시커리엄(Cichorium)속]( / 그 밖의 채소(신선한 것이나 냉장한 것으로 한정한다)
당근,무|순무,0706,7,95.7,0.015,7/7,이미검색됨,당근·순무·샐러드용 비트(beetroot)·선모(仙茅)·셀러리액(celeriac)·무와 그 밖에 이와 유사한
오이,호박|가지|애호박,0707|0709,26,57.0,0.009,1/26,OK,오이류(신선한 것이나 냉장한 것으로 한정한다) / 그 밖의 채소(신선한 것이나 냉장한 것으로 한정한다)
버섯,표고버섯|새송이,0709|0712,55,161.7,0.026,23/55,OK,"그 밖의 채소(신선한 것이나 냉장한 것으로 한정한다) / 건조한 채소(원래 모양인 것, 절단한 것, 얇게 썬 것, 부순 것, 가루 모양인 것으로 한정하며, 더 이상 "
녹두,팥|채두류|렌틸,0713,17,99.3,0.016,2/17,OK,건조한 채두류(菜豆類)(꼬투리가 없는 것으로서 껍질을 제거한 것인지 또는 쪼갠 것인지에 상관없다)
콩나물,숙주,070999,4,15.2,0.002,0/4,OK,기타
바나나,플랜틴,0803,2,315.9,0.05,2/2,이미검색됨,"바나나[플랜틴(plantain)을 포함하며, 신선하거나 건조한 것으로 한정한다]"
망고,파인애플|아보카도|구아바,0804,7,243.9,0.039,7/7,이미검색됨,대추야자·무화과·파인애플·아보카도(avocado)·구아바(guava)·망고(mango)·망고스틴(mangos
오렌지,귤|레몬|자몽|라임,0805,10,270.6,0.043,1/10,OK,감귤류의 과실(신선하거나 건조한 것으로 한정한다)
포도,샤인머스캣|건포도,0806,2,112.7,0.018,2/2,이미검색됨,포도(신선하거나 건조한 것으로 한정한다)
멜론,수박|참외,0807,4,9.4,0.001,4/4,이미검색됨,멜론(수박을 포함한다)과 포포(papaw)[파파야(papaya)](신선한 것으로 한정한다)
사과,배,0808,3,0.1,0.0,3/3,이미검색됨,사과·배·마르멜로(quince)(신선한 것으로 한정한다)
체리,복숭아|자두|살구,0809,6,150.8,0.024,6/6,이미검색됨,살구·체리·복숭아[넥터린(nectarine)을 포함한다]·자두·슬로(sloe)(신선한 것으로 한정한다)
블루베리,딸기|키위|크랜베리,0810,11,287.9,0.046,0/11,OK,그 밖의 과실(신선한 것으로 한정한다)
견과,아몬드|호두|캐슈넛|피스타치오,0802,19,372.0,0.059,19/19,이미검색됨,"그 밖의 견과류(신선하거나 건조한 것으로 한정하며, 껍데기나 껍질을 벗겼는지에 상관없다)"
대추,건대추|곶감|건조과실,0813,7,17.4,0.003,1/7,OK,"건조한 과실(제0801호부터 제0806호까지에 해당하는 것은 제외한다), 이 류의 견과류나 건조한 과실의 혼"
커피,원두|생두|커피콩,0901,6,1699.2,0.269,6/6,이미검색됨,"커피(볶았는지, 카페인을 제거했는지에 상관없다), 커피의 껍데기와 껍질, 커피를 함유한 커피 대용물(커피의 "
차,녹차|홍차|티백,0902,4,19.7,0.003,4/4,이미검색됨,차류(맛과 향을 첨가했는지에 상관없다)
후추,흑후추|백후추,090411|090412,2,61.8,0.01,2/2,이미검색됨,부수지도 잘게 부수지도 않은 것 / 부수거나 잘게 부순 것
고추,건고추|고춧가루|파프리카,090421|090422,2,21.4,0.003,2/2,이미검색됨,건조한 것(부수지도 잘게 부수지도 않은 것) / 부수거나 잘게 부순 것
계피,시나몬|정향|육두구,0906|0907|0908,11,10.4,0.002,3/11,OK,계피와 계피나무의 꽃 / 정향(丁香)(과실·꽃·꽃대로 한정한다) / 육두구(肉荳蔲)·메이스(mace)·소두구(小荳蔲)
생강,건생강|생강가루,0910,14,16.8,0.003,14/14,이미검색됨,생강·사프란(saffron)·심황[강황(薑黃)]·타임(thyme)·월계수 잎·카레와 그 밖의 향신료
강황,울금|카레가루,091030,1,2.8,0.0,1/1,이미검색됨,심황[강황(薑黃)]
쌀,백미|현미|찹쌀,1006,6,275.2,0.044,6/6,이미검색됨,쌀
밀,소맥|밀가루,1001|1101,12,1327.2,0.21,12/12,이미검색됨,밀과 메슬린(meslin) / 밀가루나 메슬린(meslin) 가루
옥수수,콘|사료용옥수수,1005,4,2807.1,0.444,4/4,이미검색됨,옥수수
보리,귀리|호밀|메밀,1003|1004|1008,20,47.6,0.008,8/20,OK,보리 / 귀리 / 메밀·밀리트(millet)·카나리시드(canary seed)와 그 밖의 곡물
콩,대두|메주콩,1201,6,617.9,0.098,2/6,OK,대두(부수었는지에 상관없다)
참깨,깨|들깨,1207,13,270.8,0.043,1/13,OK,그 밖의 채유(採油)에 적합한 종자와 과실(부수었는지에 상관없다)
땅콩,낙화생,1202,4,1.9,0.0,4/4,이미검색됨,"땅콩(볶거나 그 밖의 조리를 한 것은 제외하며, 껍데기를 벗겼는지, 부수었는지에 상관없다)"
전분,녹말|타피오카,1108,9,162.2,0.026,9/9,이미검색됨,전분과 이눌린(inulin)
팜유,팜올레인,1511,4,658.8,0.104,4/4,이미검색됨,팜유와 그 분획물(정제했는지에 상관없으며 화학적으로 변성 가공한 것은 제외한다)
대두유,콩기름|카놀라유|해바라기유,1507|1512|1514,24,818.8,0.13,7/24,OK,"대두유와 그 분획물(정제했는지에 상관없으며 화학적으로 변성 가공한 것은 제외한다) / 해바라기씨유·잇꽃유·목화씨유와 그 분획물(정제했는지에 상관없으며 화학적으로 변성 가공한 것은 제외한다) / 유채유(rape oil, colza oil), 겨자유와 이들의 분획물(정제했는지에 상관없으며 화학적으로 변성"
올리브유,올리브오일,1509,4,291.7,0.046,4/4,이미검색됨,올리브유와 그 분획물(정제했는지에 상관없으며 화학적으로 변성 가공한 것은 제외한다)
참기름,들기름,1515,13,139.2,0.022,1/13,OK,그 밖의 비휘발성인 식물성·미생물성 지방과 기름[호호바유(jojoba oil)를 포함한다]과 그 분획물(정제
설탕,원당|백설탕,1701,7,764.2,0.121,7/7,이미검색됨,"사탕수수당이나 사탕무당, 화학적으로 순수한 자당(蔗糖)(고체 상태인 것으로 한정한다)"
사탕,캔디|젤리|껌,1704,6,340.4,0.054,0/6,OK,"설탕과자(백색 초콜릿을 포함하며, 코코아를 함유한 것은 제외한다)"
초콜릿,코코아|초코,1806|1801,27,461.6,0.073,25/27,OK,초콜릿과 코코아를 함유한 그 밖의 조제 식료품 / 코코아두(원래 모양이나 부순 것으로서 생 것이나 볶은 것으로 한정한다)
라면,즉석면|파스타|스파게티,1902,12,251.9,0.04,1/12,OK,파스타[조리한 것인지 또는 육(肉)이나 그 밖의 물품으로 속을 채운 것인지에 상관없으며 스파게티·마카로니·누
시리얼,콘플레이크|뻥튀기,1904,10,66.5,0.011,0/10,OK,곡물이나 곡물 가공품을 팽창시키거나 볶아서 얻은 조제 식료품[예: 콘 플레이크(corn flake)]과 낱알
빵,과자|비스킷|쿠키|와플,1905,14,547.2,0.087,14/14,이미검색됨,"빵·파이·케이크·비스킷과 그 밖의 베이커리 제품(코코아를 함유하였는지에 상관없다), 성찬용 웨이퍼·제약용에 "
잼,과일잼|마멀레이드,2007,5,28.3,0.004,5/5,이미검색됨,잼·과실젤리·마멀레이드(marmalade)·과실이나 견과류의 퓨레(purée)·과실이나 견과류의 페이스트(p
주스,과일주스|오렌지주스,2009,30,261.8,0.041,30/30,이미검색됨,과실·견과류 주스(포도즙과 코코넛 워터를 포함한다)·채소 주스[발효하지 않고 주정을 함유하지 않은 것(설탕이
커피믹스,인스턴트커피|믹스커피,2101,11,196.8,0.031,0/11,OK,커피·차·마테(maté)의 추출물(extract)·에센스(essence)·농축물과 이것들을 기본 재료로 한 
효모,베이킹파우더,2102,13,61.1,0.01,13/13,이미검색됨,"효모(활성이거나 불활성인 것), 그 밖의 단세포 미생물(죽은 것으로 한정하며, 제3002호의 백신은 제외한다"
소스,케첩|간장|마요네즈|드레싱,2103,15,364.8,0.058,15/15,이미검색됨,"소스와 소스용 조제품, 혼합조미료, 겨자의 고운 가루·거친 가루와 조제한 겨자"
라면스프,조미료|MSG|다시다|글루탐산,2103|2106|292242,41,2581.9,0.409,0/41,OK,"소스와 소스용 조제품, 혼합조미료, 겨자의 고운 가루·거친 가루와 조제한 겨자 / 따로 분류되지 않은 조제 식료품 / 글루탐산과 그 염"
아이스크림,빙과,2105,4,85.1,0.013,4/4,이미검색됨,아이스크림과 그 밖의 빙과류(코코아를 함유했는지에 상관없다)
생수,광천수|먹는샘물,2201,3,57.7,0.009,0/3,OK,"물(천연이나 인조 광천수와 탄산수를 포함하며, 설탕이나 그 밖의 감미료 또는 맛이나 향을 첨가하지 않은 것으"
음료,탄산음료|콜라|사이다|에너지드링크,2202,7,134.4,0.021,7/7,이미검색됨,설탕이나 그 밖의 감미료 또는 맛이나 향을 첨가한 물(광천수와 탄산수를 포함한다)과 그 밖의 알코올을 함유하
맥주,생맥주|수입맥주,2203,1,215.8,0.034,1/1,이미검색됨,맥주
와인,포도주|샴페인,2204,11,434.3,0.069,0/11,OK,"포도주(생포도로 제조한 것으로 한정하며, 알코올로 강화한 포도주를 포함한다)와 포도즙(제2009호의 것은 제"
막걸리,청주|사케|정종,2206,9,52.2,0.008,0/9,OK,"그 밖의 발효주[예: 사과술·배술·미드(mead)·청주(saké)], 따로 분류되지 않은 발효주의 혼합물, "
위스키,보드카|럼|진|브랜디|소주,2208,17,304.9,0.048,4/17,OK,"변성하지 않은 에틸알코올(알코올의 용량이 전 용량의 100분의 80 미만인 것으로 한정한다), 증류주·리큐르"
사료,배합사료|반려동물사료|개사료|고양이사료,2309,18,611.0,0.097,18/18,이미검색됨,사료용 조제품
담배,궐련|시가,2402,6,74.5,0.012,6/6,이미검색됨,시가(cigar)·셔루트(cheroot)·시가릴로(cigarillo)·궐련(담배나 담배 대용물인 것으로 한정
전자담배,액상담배|궐련형전자담배,2404,9,141.6,0.022,2/9,OK,담배·재구성한 담배·니코틴이나 담배 대용물·니코틴 대용물을 함유한 물품(연소시키지 않고 흡입하도록 만들어진 
밸브,볼밸브|게이트밸브|체크밸브|콕,8481,13,2908.4,0.46,13/13,이미검색됨,파이프·보일러 동체·탱크·통이나 이와 유사한 물품에 사용하는 탭·코크·밸브와 이와 유사한 장치(감압밸브와 온
디스플레이모듈,평판디스플레이|LCD모듈|OLED모듈,8524,36,2414.0,0.382,0/36,OK,평판디스플레이 모듈(터치감응식 스크린을 장착한 것인지에 상관없다)
메모리카드,USB|SD카드|저장매체|광디스크,8523,33,2919.5,0.462,0/33,OK,디스크·테이프·솔리드스테이트(solid-state)의 비휘발성 기억장치·스마트카드와 음성이나 그 밖의 현상의
구리스크랩,동스크랩|폐동,7404,1,2744.0,0.434,0/1,OK,구리의 웨이스트(waste)와 스크랩(scrap)
알루미늄스크랩,폐알루미늄,7602,2,1885.9,0.299,0/2,OK,알루미늄의 웨이스트(waste)와 스크랩(scrap)
합금철,페로실리콘|페로망간,7202,17,1785.7,0.283,17/17,이미검색됨,합금철(ferro-alloy)
광학렌즈,프리즘|반사경|광학소자,9002,11,1528.3,0.242,0/11,OK,각종 재료로 만든 렌즈·프리즘·반사경과 그 밖의 광학소자(장착된 것으로서 기기의 부분품으로 사용하거나 기기에
철구조물,철골|강구조,7308,6,2032.1,0.322,0/6,OK,철강으로 만든 구조물(제9406호의 조립식 건축물은 제외한다)과 구조물의 부분품[예: 다리와 교량·수문·탑·
플라스틱필름,비닐|필름,3920,23,1912.3,0.303,0/23,OK,플라스틱으로 만든 그 밖의 판·시트(sheet)·필름·박(箔)·스트립(셀룰러가 아닌 것으로서 그 밖의 재료로
플라스틱제품,플라스틱용기|플라스틱부품,3926,13,1800.4,0.285,0/13,OK,플라스틱으로 만든 그 밖의 제품과 제3901호부터 제3914호까지의 그 밖의 재료로 만든 제품
열교환기,증류기|살균기,8419,30,1550.7,0.245,3/30,OK,가열·조리·배소(焙燒)·증류·정류·살균·저온살균·증기가열·건조·증발·응축·냉각과 그 밖의 온도 변화에 따른 
철강제품,철강가공품,7326,5,2217.9,0.351,0/5,OK,철강으로 만든 그 밖의 제품
